<?xml version="1.0" encoding="UTF-8"?>
<!DOCTYPE mapper
  PUBLIC "-//mybatis.org//DTD Mapper 3.0//EN"
  "http://mybatis.org/dtd/mybatis-3-mapper.dtd">
<mapper namespace="org.camping.mapper.SpotMapper">
	<select id="getAllSpot" resultType="org.camping.model.SpotDTO">
		select * from spot where lng is not null and lat is not null and status =0
	</select>
	<select id="getPopularList" resultType="org.camping.model.SpotDTO">
		select * from (select spot.*, rownum r from (select * from spot order by read desc, score desc, num) spot )
		<![CDATA[where r<=8]]>
	</select>
	
	<select id="checkAns1" resultType="String">
		select ans1 from account where id=#{id} 
	</select>
	<select id="checkAns2" resultType="String">
		select ans2 from account where id=#{id} 
	</select>
	<select id="checkAns6" resultType="String">
		select ans6 from account where id=#{id} 
	</select>
	
	<select id="getSearchCheck" resultType="org.camping.model.SpotDTO" >
		select * from (select spot.*, rownum r from (select * from spot
		<where>
			<if test="searchCheck != null">
				<foreach collection="searchCheck" item="searchCheck" separator="and"> cate like '%'||#{searchCheck}||'%'</foreach>
			</if>
		</where>
		order by num) spot)
		<![CDATA[where r>=#{startRow} and r<=#{endRow}]]>
	</select>
	<select id="getCountCheck" resultType="Integer">
		select count(*) from spot
		<where>
			<if test="searchCheck != null">
				<foreach collection="searchCheck" item="searchCheck" separator="and"> cate like '%'||#{searchCheck}||'%'</foreach>
			</if>
		</where>
	</select>
	
	<select id="getSearchKey" resultType="org.camping.model.SpotDTO">
		select * from (select spot.*, rownum r from (select * from spot
		<where>
			name like '%'||#{searchKey}||'%' 
		</where>
		order by num) spot)
		<![CDATA[where r>=#{startRow} and r<=#{endRow}]]>
	</select>
	<select id="getCountKey" resultType="Integer">
		select count(*) from spot 
		<where>
			name like '%'||#{searchKey}||'%' 
		</where>
	</select>
	
	<select id="getBeachList" resultType="org.camping.model.SpotDTO" >
		select * from (select spot.*, rownum r from (select * from spot where cate like '%D%' order by num) spot)
		<![CDATA[where r>=#{startRow} and r<=#{endRow}]]>
	</select>
	<select id="getBeachCount" resultType="Integer">
		select count(*) from spot where cate like '%D%'
	</select>
	
	<select id="getCityList" resultType="org.camping.model.SpotDTO">
		select * from (select spot.*, rownum r from (select * from spot where cate like '%H%' order by num) spot)
		<![CDATA[where r>=#{startRow} and r<=#{endRow}]]>
	</select>
	<select id="getCityCount" resultType="Integer">
		select count(*) from spot where cate like '%H%'
	</select>
	
	<select id="getForestList" resultType="org.camping.model.SpotDTO">
		select * from (select spot.*, rownum r from (select * from spot where cate like '%A%' order by num) spot)
		<![CDATA[where r>=#{startRow} and r<=#{endRow}]]>
	</select>
	<select id="getForestCount" resultType="Integer">
		select count(*) from spot where cate like '%A%'
	</select>
	
	<select id="getIslandList" resultType="org.camping.model.SpotDTO">
		select * from (select spot.*, rownum r from (select * from spot where cate like '%E%' order by num) spot)
		<![CDATA[where r>=#{startRow} and r<=#{endRow}]]>
	</select>
	<select id="getIslandCount" resultType="Integer">
		select count(*) from spot where cate like '%E%'
	</select>
	
	<select id="getMountainList" resultType="org.camping.model.SpotDTO">
		select * from (select spot.*, rownum r from (select * from spot where cate like '%B%' or cate like '%C%' order by num) spot)
		<![CDATA[where r>=#{startRow} and r<=#{endRow}]]>
	</select>
	<select id="getMountainCount" resultType="Integer">
		select count(*) from spot where cate like '%B%' or cate like '%B%'
	</select>
	
	<select id="getRiverList" resultType="org.camping.model.SpotDTO">
		select * from (select spot.*, rownum r from (select * from spot where cate like '%F%' order by num) spot)
		<![CDATA[where r>=#{startRow} and r<=#{endRow}]]>
	</select>
	<select id="getRiverCount" resultType="Integer">
		select count(*) from spot where cate like '%F%'
	</select>
	
	<select id="getContent" resultType="org.camping.model.SpotDTO">
		select * from spot where num = #{num}
	</select>
	<select id="getCountFil" resultType="Integer">
		select regexp_count(cate,',') from spot where num=#{num}
	</select>
	<select id="getFil" resultType="String">
		select regexp_substr(cate,'[^,]+',1,#{filNum}) from spot where num=#{num}
	</select>
	<select id="getContentFil" resultType="org.camping.model.SpotCategoryDTO">
		select * from spotcategory where cate in (
		<foreach collection="fil" item="fil" separator="," >
			#{fil}
		</foreach>
		)
	</select>
	
	<update id="updateRead">
		update spot set read=read+1 where num=#{num}
	</update>
	
	<select id="checkFav" resultType="Integer">
		select count(*) from favorite where id=#{id} and status=1 and num=#{num}
	</select>
	<insert id="inFav">
		insert into favorite values (#{id}, 1, #{num})
	</insert>
	<delete id="delFav">
		delete from favorite where id=#{id} and status=1 and num=#{num}
	</delete>
	
</mapper>