<?xml version="1.0" encoding="UTF-8"?>
<!DOCTYPE mapper
  PUBLIC "-//mybatis.org//DTD Mapper 3.0//EN"
  "http://mybatis.org/dtd/mybatis-3-mapper.dtd">

<!-- namespace : 자바와 연결된 클래스 파일 -->
<!-- select / insert / update / delete의 id 이름은 다 달라야 함. -->  
<!-- resultType : 으로 리턴해주겠다. 어디에 저장 할 거냐. DB와 DTO의 변수이름 같게해주면 자동매치 -->
<!-- id검색 시 resultType : String / number검색 시 : int / 두개 이상은 DTO -->
<!-- 자바에서 물음표 : #{} -->
<!-- parameterType : String 자바로치면 타입 , 스테이트먼트의 매개변수 타입 -->
<!-- result column="id" property="pw" : DB에서 검색된 id를 셋pw에 넣어준다. -->
<!-- 위 아래 데이터베이스 컬럼과 변수명을 직접 매칭할때 사용한다. -->

<mapper namespace="org.camping.mapper.CommentBoardMapper">
	
	<select id="getCommentBoards" resultType="org.camping.model.CommentBoardDTO" parameterType="int">
		<![CDATA[
			select * from 
				(select commentboard.* , rownum r from 
					(select  *  from commentboard order by com_ref desc , com_step) commentboard) 
						where r >= #{startRow} and r <= #{endRow}
		]]>
	</select>
	
	
	<insert id="insertCommentBoard">
		insert into commentboard values(
		comment_seq.NEXTVAL,
		#{boardnum},
		#{content},
		#{writer},
		#{password},
		sysdate,
		#{com_ref},
		#{com_step})
	</insert>
	
	
	<select id="getCommentBoardCount" resultType="int">
		select count(*) from commentboard
	</select>
	
	
	<select id="getCommentBoard" resultType="org.camping.model.CommentBoardDTO">
		select * from commentboard where comnum=#{comnum} 
	</select>
	
	
	<select id="getBoard" resultType="org.camping.model.BoardDTO">
		select * from board where boardnum=#{boardnum} 
	</select>
	
	
	<select id="maxNum" resultType="int">
		select NVL(max(comnum),0) from commentboard
	</select>
	
	
	<update id="stepUp">
		<![CDATA[
			update commentboard set com_step=com_step+1 where com_ref=#{com_ref} and com_step > #{com_step}
		]]>
	</update>
	
	
	<update id="updateCommentBoard">
		update commentboard set content=#{content}, password=#{password} where comnum=#{comnum}
	</update>
	
	
	<delete id="deleteCommentBoard">
		delete from commentboard where comnum=#{comnum} and password=#{password}
	</delete>
	
	
	<select id="delete" resultType="int">
		select count(*) from commentboard where comnum=#{comnum} and password=#{password}
	</select>
	

</mapper>